fixture_id,team_id,player_id,time_elapsed,time_extra,event_type,assist_id,detail,comment
1208142,40,180317,13,,Card,,Yellow Card,Foul
1208142,40,1145,16,,Card,,Yellow Card,Foul
1208142,41,295,23,,Card,,Yellow Card,Foul
1208142,40,1096,30,,Goal,,Normal Goal,
1208142,41,295,37,,subst,19825,Substitution 1,
1208142,41,19484,42,,Goal,,Normal Goal,
1208142,40,247,49,,Card,,Yellow Card,Foul
1208142,41,15812,52,,subst,270508,Substitution 2,
1208142,41,336585,56,,Goal,19484,Normal Goal,
1208142,40,247,62,,subst,2489,Substitution 1,
1208142,40,293,62,,subst,6716,Substitution 2,
1208142,40,306,65,,Goal,542,Normal Goal,
1208142,41,19484,73,,Card,,Yellow Card,Foul
1208142,41,18873,77,,subst,32887,Substitution 3,
1208142,41,19484,77,,subst,137302,Substitution 4,
1208142,40,306,83,,Goal,,Penalty,
1208142,40,306,84,,Card,,Yellow Card,
1208142,40,51617,90,,subst,8500,Substitution 3,
1208142,41,18940,90,8,Card,,Yellow Card,Foul
1208138,33,909,2,,Goal,157997,Normal Goal,
1208138,57,284428,43,,Goal,20089,Normal Goal,
1208138,33,747,56,,subst,51494,Substitution 1,
1208138,33,18772,56,,subst,891,Substitution 2,
1208138,57,15797,65,,subst,18397,Substitution 1,
1208138,57,17579,65,,subst,19136,Substitution 2,
1208138,33,909,68,,subst,288006,Substitution 3,
1208138,33,174,68,,subst,70100,Substitution 4,
1208138,57,161948,81,,subst,299813,Substitution 3,
1208138,57,20089,82,,subst,20007,Substitution 4,
1208138,33,284324,86,,subst,19220,Substitution 5,
1208141,48,1243,10,,Goal,2284,Normal Goal,
1208141,34,1463,46,,subst,18778,Substitution 1,
1208141,48,18846,53,,Goal,19428,Normal Goal,
1208141,34,18901,57,,subst,31146,Substitution 2,
1208141,48,138,57,,subst,1445,Substitution 1,
1208141,34,19263,61,,Card,,Yellow Card,Foul
1208141,34,138787,68,,subst,2939,Substitution 3,
1208141,34,723,69,,subst,19163,Substitution 4,
1208141,48,18819,75,,subst,18955,Substitution 2,
1208141,48,2284,75,,subst,1231,Substitution 3,
1208141,34,10135,84,,subst,169,Substitution 5,
1208141,48,930,84,,subst,2476,Substitution 4,
1208141,48,37724,84,,subst,68466,Substitution 5,
1299062,50,1100,44,,Goal,,Penalty,
1299062,50,633,50,,Goal,,Normal Goal,
1299062,50,1100,53,,Goal,41621,Normal Goal,
1299062,209,6386,57,,Card,,Yellow Card,Foul
1299062,50,633,68,,subst,629,Substitution 1,
1299062,209,319517,68,,subst,129047,Substitution 1,
1299062,209,37742,68,,subst,328141,Substitution 2,
1299062,50,631,69,,subst,158697,Substitution 2,
1299062,50,18861,69,,subst,404656,Substitution 3,
1299062,209,6386,72,,subst,94562,Substitution 3,
1299062,209,37147,72,,subst,945,Substitution 4,
1299062,209,326067,74,,Goal,,Normal Goal,
1299062,209,94562,82,,Goal,,Normal Goal,
1299062,50,158697,88,,Card,,Yellow Card,Foul
1299062,209,30399,89,,Goal,9363,Normal Goal,
1299062,209,2901,90,3,subst,286595,Substitution 5,
1299063,228,354753,4,,Card,,Yellow Card,Argument
1299063,42,127769,7,,Goal,38746,Normal Goal,
1299063,42,978,22,,Goal,1460,Normal Goal,
1299063,42,22224,45,1,Goal,2937,Normal Goal,
1299063,228,265595,47,,Goal,41112,Normal Goal,
1299063,42,19465,52,,Card,,Yellow Card,Time wasting
1299063,42,1460,65,,Goal,,Penalty,
1299063,228,37882,68,,subst,41892,Substitution 1,
1299063,228,51776,68,,subst,154839,Substitution 2,
1299063,42,2937,70,,subst,47311,Substitution 1,
1299063,42,127769,70,,subst,1946,Substitution 2,
1299063,42,37127,78,,subst,313236,Substitution 3,
1299063,42,157052,78,,subst,641,Substitution 4,
1299063,228,32960,78,,subst,419916,Substitution 3,
1299063,42,1946,82,,Goal,,Normal Goal,
1299063,42,22224,84,,subst,61431,Substitution 5,
1299063,228,41112,88,,subst,400509,Substitution 4,
1299063,228,265595,88,,subst,41179,Substitution 5,
1208139,46,182,11,,subst,180,Substitution 1,
1208139,49,283058,15,,Goal,5996,Normal Goal,
1208139,46,18786,22,,Card,,Yellow Card,Foul
1208139,46,22233,29,,Card,,Yellow Card,Foul
1208139,46,180,31,,Card,,Yellow Card,Foul
1208139,49,116117,40,,Card,,Yellow Card,Argument
1208139,49,18959,66,,Card,,Yellow Card,Time wasting
1208139,46,18786,71,,subst,3428,Substitution 2,
1208139,46,283290,71,,subst,879,Substitution 3,
1208139,49,5996,75,,Goal,,Normal Goal,
1208139,46,8694,79,,Card,,Yellow Card,Foul
1208139,46,340573,79,,subst,19004,Substitution 4,
1208139,46,18788,79,,subst,1098,Substitution 5,
1208139,49,116117,81,,subst,282125,Substitution 1,
1208139,49,583,81,,subst,269,Substitution 2,
1208139,49,136723,85,,subst,18,Substitution 3,
1208139,49,282125,90,4,Card,,Yellow Card,Foul
1208139,49,283058,90,1,subst,148099,Substitution 4,
1208139,46,19004,90,4,Var,,Penalty confirmed,
1208139,46,3428,90,5,Goal,,Penalty,
1208133,51,10329,4,,Goal,,Normal Goal,
1208133,51,90590,30,,Card,,Yellow Card,
1208133,35,19281,40,,Card,,Yellow Card,Foul
1208133,51,356041,45,2,Card,,Yellow Card,Foul
1208133,51,106835,49,,Goal,10329,Normal Goal,
1208133,51,356041,59,,Card,,Yellow Card,Foul
1208133,51,356041,59,,Card,,Red Card,Foul
1208133,51,90590,64,,subst,301771,Substitution 1,
1208133,51,10329,64,,subst,92993,Substitution 2,
1208133,35,6610,65,,subst,361497,Substitution 1,
1208133,35,1150,65,,subst,284797,Substitution 2,
1208133,35,18869,75,,subst,19070,Substitution 3,
1208133,35,792,75,,subst,18870,Substitution 4,
1208133,51,265820,76,,subst,19030,Substitution 3,
1208133,35,206254,80,,subst,47499,Substitution 5,
1208133,51,1469,86,,subst,129643,Substitution 4,
1208133,35,18872,90,6,Card,,Yellow Card,Argument
1208133,51,38695,90,6,Card,,Yellow Card,Foul
1208133,35,18870,90,3,Goal,47499,Normal Goal,
1208134,42,1460,15,,Goal,37127,Normal Goal,
1208134,42,2289,24,,Card,,Yellow Card,Foul
1208134,42,643,31,,Card,,Yellow Card,Foul
1208134,42,1460,44,,Card,,Yellow Card,Foul
1208134,65,2771,45,5,Card,,Yellow Card,Foul
1208134,42,2289,46,,subst,49,Substitution 1,
1208134,65,153430,46,,subst,141901,Substitution 1,
1208134,42,49,52,,Goal,1460,Normal Goal,
1208134,65,8598,63,,subst,18931,Substitution 2,
1208134,65,6056,63,,subst,196298,Substitution 3,
1208134,42,157052,67,,subst,641,Substitution 2,
1208134,65,19305,69,,Card,,Yellow Card,Foul
1208134,65,47547,72,,subst,138780,Substitution 4,
1208134,42,37127,82,,subst,313236,Substitution 3,
1208134,42,1460,83,,subst,645,Substitution 4,
1208134,42,313236,86,,Goal,645,Normal Goal,
1208134,42,38746,88,,subst,61431,Substitution 5,
1208140,47,18968,1,,Card,,Yellow Card,Foul
1208140,47,18784,13,,Goal,30435,Normal Goal,
1208140,47,18784,20,,Goal,186,Normal Goal,
1208140,50,626,46,,subst,18861,Substitution 1,
1208140,47,47519,52,,Goal,18883,Normal Goal,
1208140,50,284230,55,,Card,,Yellow Card,Foul
1208140,47,186,63,,subst,129711,Substitution 1,
1208140,50,284230,74,,subst,19187,Substitution 2,
1208140,50,266657,74,,subst,629,Substitution 3,
1208140,50,636,78,,Card,,Yellow Card,Foul
1208140,50,629,80,,Card,,Yellow Card,Argument
1208140,47,237129,80,,Card,,Yellow Card,Argument
1208140,47,18784,89,,subst,1166,Substitution 2,
1208140,47,204039,90,,subst,19235,Substitution 3,
1208140,47,237129,90,,subst,347316,Substitution 4,
1208140,50,5,90,2,Card,,Yellow Card,Foul
1208140,47,129711,90,3,Goal,1166,Normal Goal,
1208128,33,1485,17,,Goal,157997,Normal Goal,
1208128,33,158710,38,,Goal,,Own Goal,
1208128,33,909,57,,subst,284324,Substitution 1,
1208128,33,886,57,,subst,18772,Substitution 2,
1208128,46,311334,63,,Card,,Yellow Card,Foul
1208128,46,18786,70,,subst,340573,Substitution 1,
1208128,33,288006,75,,subst,70100,Substitution 3,
1208128,33,747,79,,subst,174,Substitution 4,
1208128,33,284324,82,,Goal,1485,Normal Goal,
1208128,46,19760,83,,subst,283290,Substitution 2,
1208128,46,3428,88,,subst,1135,Substitution 3,
1208129,34,18961,7,,Card,,Yellow Card,Foul
1208129,65,363695,22,,Goal,153430,Normal Goal,
1208129,34,2864,54,,Goal,,Normal Goal,
1208129,65,2298,59,,subst,141901,Substitution 1,
1208129,65,18746,59,,subst,138908,Substitution 2,
1208129,65,19305,65,,Card,,Yellow Card,Foul
1208129,34,1463,69,,subst,31146,Substitution 1,
1208129,34,723,72,,Goal,2864,Normal Goal,
1208129,65,6056,74,,subst,196298,Substitution 3,
1208129,34,138787,80,,subst,18778,Substitution 2,
1208129,34,18778,83,,Goal,31146,Normal Goal,
1208129,65,47547,88,,subst,2938,Substitution 4,
1208129,65,153430,88,,subst,8598,Substitution 5,
1208129,34,2864,90,8,subst,315237,Substitution 3,
1208130,57,19182,21,,Card,,Yellow Card,Time wasting
1208130,57,17579,31,,Goal,161948,Normal Goal,
1208130,57,161948,43,,Goal,,Normal Goal,
1208130,57,161948,46,,Card,,Yellow Card,Foul
1208130,47,18883,50,,Var,,Goal cancelled,
1208130,57,18823,65,,Card,,Yellow Card,Foul
1208130,47,237129,66,,subst,1166,Substitution 1,
1208130,47,863,69,,Goal,47519,Normal Goal,
1208130,57,161948,70,,subst,8794,Substitution 1,
1208130,57,17579,71,,subst,19136,Substitution 2,
1208130,47,863,78,,Card,,Yellow Card,Argument
1208130,47,863,84,,subst,18968,Substitution 2,
1208130,47,129711,84,,subst,18784,Substitution 3,
1208130,57,284428,90,8,Card,,Yellow Card,Time wasting
1208130,57,19119,90,3,Card,,Yellow Card,Foul
1208130,57,15797,90,2,subst,2752,Substitution 3,
1208125,49,152953,21,,Card,,Yellow Card,Foul
1208125,49,1864,32,,Card,,Yellow Card,Argument
1208125,42,978,34,,Var,,Goal cancelled,
1208125,42,19959,39,,Card,,Yellow Card,Off the ball foul
1208125,49,136723,45,1,Card,,Yellow Card,Time wasting
1208125,42,978,56,,Card,,Yellow Card,Argument
1208125,42,127769,60,,Goal,37127,Normal Goal,
1208125,49,136723,68,,subst,63577,Substitution 1,
1208125,49,282125,68,,subst,5996,Substitution 2,
1208125,49,1864,70,,Goal,5996,Normal Goal,
1208125,42,127769,71,,subst,1946,Substitution 1,
1208125,42,2937,71,,subst,47311,Substitution 2,
1208125,49,47380,80,,Card,,Yellow Card,Foul
1208125,42,1460,80,,subst,643,Substitution 3,
1208125,49,161907,82,,subst,19545,Substitution 3,
1208125,49,283058,88,,subst,269,Substitution 4,
1208135,52,2218,4,,Goal,25927,Normal Goal,
1208135,66,19366,36,,Goal,19191,Normal Goal,
1208135,66,983,43,,Var,,Penalty confirmed,
1208135,52,286458,45,1,Goal,2218,Normal Goal,
1208135,66,284457,46,,subst,19298,Substitution 1,
1208135,66,21090,59,,Card,,Yellow Card,Foul
1208135,52,3339,64,,subst,2490,Substitution 1,
1208135,66,138816,66,,Card,,Yellow Card,Foul
1208135,66,138816,69,,subst,2724,Substitution 2,
1208135,66,19191,69,,subst,13489,Substitution 3,
1208135,52,286458,74,,subst,18843,Substitution 2,
1208135,66,2287,77,,Goal,2926,Normal Goal,
1208135,52,19720,77,,Card,,Yellow Card,Foul
1208135,66,983,82,,subst,138931,Substitution 4,
1208135,66,19170,82,,subst,19071,Substitution 5,
1208135,66,19071,85,,Card,,Yellow Card,Foul
1208135,52,182201,87,,Card,,Yellow Card,Time wasting
1208135,52,2218,90,,subst,18862,Substitution 3,
1208135,52,18806,90,,subst,126949,Substitution 4,
1299067,66,2926,10,,Card,,Yellow Card,Foul
1299067,66,983,12,,Card,,Yellow Card,Argument
1299067,66,46815,39,,Card,,Yellow Card,Foul
1299067,496,162188,45,,Card,,Yellow Card,Foul
1299067,496,181806,66,,subst,618,Substitution 1,
1299067,496,1138,77,,Card,,Yellow Card,Foul
1299067,66,19366,78,,subst,13489,Substitution 1,
1299067,66,1904,78,,subst,2287,Substitution 2,
1299067,496,339883,82,,subst,346866,Substitution 2,
1299067,66,983,86,,subst,138931,Substitution 3,
1299067,496,116,86,,subst,876,Substitution 3,
1299067,496,36899,90,3,Card,,Yellow Card,Foul
1208114,55,25073,24,,Goal,30407,Normal Goal,
1208114,55,15745,57,,Card,,Yellow Card,Foul
1208114,36,899,65,,subst,18753,Substitution 1,
1208114,55,20649,72,,subst,178077,Substitution 1,
1208114,55,15908,72,,subst,47438,Substitution 2,
1208114,36,2887,73,,subst,195106,Substitution 2,
1208114,36,657,73,,subst,2920,Substitution 3,
1208114,55,106725,73,,subst,153066,Substitution 3,
1208114,36,1161,82,,subst,19025,Substitution 4,
1208114,36,727,82,,subst,19221,Substitution 5,
1208114,55,20589,87,,subst,18917,Substitution 4,
1208114,36,195106,90,8,Card,,Yellow Card,
1208114,36,19221,90,7,Card,,Yellow Card,
1208114,55,25073,90,3,subst,263538,Substitution 5,
1208114,36,19221,90,2,Goal,18753,Normal Goal,
1208114,36,19221,90,7,Goal,19549,Normal Goal,
1208123,35,152856,17,,Goal,,Normal Goal,
1208123,55,20649,27,,Goal,,Normal Goal,
1208123,35,6610,34,,Card,,Yellow Card,Foul
1208123,35,792,49,,Goal,18872,Normal Goal,
1208123,55,15908,50,,Goal,20589,Normal Goal,
1208123,55,20649,58,,Goal,25073,Normal Goal,
1208123,35,1150,67,,subst,19245,Substitution 1,
1208123,35,6610,67,,subst,361497,Substitution 2,
1208123,35,1125,68,,Card,,Yellow Card,Foul
1208123,35,792,76,,subst,18870,Substitution 3,
1208123,35,1125,76,,subst,47499,Substitution 4,
1208123,55,47438,79,,subst,263538,Substitution 1,
1208123,35,18869,81,,Card,,Yellow Card,Foul
1208123,55,30407,83,,subst,178077,Substitution 2,
1208123,35,18869,84,,subst,51051,Substitution 5,
1208123,55,178077,88,,Card,,Yellow Card,Foul
1208123,35,161671,89,,Card,,Yellow Card,Foul
1208123,55,15908,90,3,subst,430734,Substitution 3,
1208123,55,20589,90,3,subst,153066,Substitution 4,
1208123,55,153066,90,7,Card,,Yellow Card,Time wasting
1208126,36,1161,45,2,Goal,2887,Normal Goal,
1208126,36,1161,53,,Var,,Goal cancelled,
1208126,52,18862,62,,subst,3339,Substitution 1,
1208126,36,1455,63,,Card,,Yellow Card,Foul
1208126,52,286458,74,,subst,18843,Substitution 2,
1208126,36,2887,75,,subst,195106,Substitution 1,
1208126,52,2601,76,,Card,,Red Card,Foul
1208126,36,727,82,,subst,19221,Substitution 2,
1208126,36,899,83,,subst,19025,Substitution 3,
1208126,36,19221,83,,Goal,1455,Normal Goal,
1208126,52,2218,88,,subst,367634,Substitution 3,
1208126,52,13736,89,,subst,380679,Substitution 4,
1208126,36,1161,89,,subst,19480,Substitution 4,
1208126,36,1455,89,,subst,18753,Substitution 5,
1208126,52,20995,90,1,Card,,Yellow Card,Foul
1208126,36,19221,90,4,Var,,Goal cancelled,
1208131,48,2476,67,,subst,930,Substitution 1,
1208131,48,18819,67,,subst,18955,Substitution 2,
1208131,48,18846,67,,subst,1231,Substitution 3,
1208131,45,18766,75,,subst,125743,Substitution 1,
1208131,45,2990,76,,Card,,Yellow Card,Foul
1208131,48,37724,83,,subst,404574,Substitution 4,
1208131,45,894,85,,Card,,Yellow Card,Foul
1208131,45,18805,86,,subst,19128,Substitution 2,
1208131,48,1231,88,,Card,,Yellow Card,Foul
1208132,39,2056,2,,Goal,1165,Normal Goal,
1208132,41,19587,14,,Var,,Goal cancelled,
1208132,41,144729,22,,Card,,Yellow Card,Foul
1208132,39,2056,46,,subst,20665,Substitution 1,
1208132,41,19587,46,,subst,304317,Substitution 1,
1208132,41,20355,51,,Card,,Yellow Card,Argument
1208132,39,1165,51,,Goal,18947,Normal Goal,
1208132,41,295,60,,subst,270508,Substitution 2,
1208132,41,18940,60,,subst,32887,Substitution 3,
1208132,39,2032,73,,subst,925,Substitution 2,
1208132,41,19825,73,,subst,19485,Substitution 4,
1208132,41,137302,73,,subst,15812,Substitution 5,
1208132,41,171,78,,Card,,Yellow Card,Foul
1208132,39,20665,81,,Card,,Yellow Card,Foul
1208132,41,270508,89,,Card,,Yellow Card,Foul
1208132,39,21138,90,5,subst,18742,Substitution 3,
1208132,39,1165,90,,subst,282770,Substitution 4,
1208124,51,265820,19,,Card,,Yellow Card,Foul
1208124,50,1100,23,,Goal,,Normal Goal,
1208124,50,284230,37,,Card,,Yellow Card,Foul
1208124,51,7600,44,,Card,,Yellow Card,Argument
1208124,51,265820,46,,subst,356041,Substitution 1,
1208124,51,305730,57,,subst,19030,Substitution 2,
1208124,51,301771,65,,subst,10329,Substitution 3,
1208124,51,90590,66,,subst,328225,Substitution 4,
1208124,50,633,72,,subst,636,Substitution 1,
1208124,50,266657,74,,subst,629,Substitution 2,
1208124,50,404656,77,,Card,,Yellow Card,Foul
1208124,51,10329,78,,Goal,,Normal Goal,
1208124,51,19030,83,,Goal,10329,Normal Goal,
1208124,51,38695,90,10,Card,,Yellow Card,Argument
1208124,50,1100,90,10,Card,,Yellow Card,Argument
1208124,51,106835,90,,subst,40911,Substitution 5,
1208127,40,51617,20,,Goal,306,Normal Goal,
1208127,40,283,25,,subst,180317,Substitution 1,
1208127,66,19170,34,,Card,,Yellow Card,Foul
1208127,66,2926,45,3,Card,,Yellow Card,Foul
1208127,66,19192,45,2,subst,19191,Substitution 1,
1208127,40,51617,65,,subst,247,Substitution 2,
1208127,40,293,65,,subst,1096,Substitution 3,
1208127,66,19366,65,,subst,13489,Substitution 2,
1208127,66,983,65,,subst,138931,Substitution 3,
1208127,66,162714,74,,subst,1904,Substitution 4,
1208127,66,2724,74,,subst,138816,Substitution 5,
1208127,66,1904,76,,Card,,Yellow Card,Foul
1208127,40,306,84,,Goal,,Normal Goal,
1208127,40,6716,87,,subst,8500,Substitution 4,
1208136,55,30407,41,,Card,,Red Card,Foul
1208136,55,30407,41,,Var,,Card upgrade,
1208136,45,18805,72,,subst,24882,Substitution 1,
1208136,45,15884,72,,subst,125743,Substitution 2,
1208136,55,20649,72,,subst,196156,Substitution 1,
1208136,55,15908,72,,subst,178077,Substitution 2,
1208136,55,25073,86,,subst,263538,Substitution 3,
1208137,36,1455,20,,Goal,657,Normal Goal,
1208137,39,1165,31,,Goal,18947,Normal Goal,
1208137,36,152967,45,4,Card,,Yellow Card,Foul
1208137,39,195103,53,,Goal,1165,Normal Goal,
1208137,36,899,57,,Card,,Yellow Card,Foul
1208137,36,899,59,,subst,19025,Substitution 1,
1208137,36,1161,59,,subst,19221,Substitution 2,
1208137,36,657,67,,Card,,Yellow Card,Foul
1208137,36,657,71,,subst,2920,Substitution 3,
1208137,36,727,71,,subst,18753,Substitution 4,
1208137,36,2887,71,,subst,195106,Substitution 5,
1208137,39,20665,87,,subst,18742,Substitution 1,
1208137,39,1165,87,,Goal,195103,Normal Goal,
1208137,39,925,90,5,Goal,2032,Normal Goal,
1208137,39,1165,90,2,subst,925,Substitution 2,
1208137,39,195103,90,1,subst,144732,Substitution 3,
1208137,39,282770,90,1,subst,24888,Substitution 4,
1208137,39,130,90,6,subst,283272,Substitution 5,
1208144,41,19733,12,,Card,,Yellow Card,Foul
1208144,51,19030,16,,Card,,Yellow Card,Foul
1208144,51,106835,29,,Goal,138815,Normal Goal,
1208144,41,171,31,,Card,,Yellow Card,Foul
1208144,41,144729,55,,Card,,Yellow Card,Foul
1208144,41,19733,59,,Goal,,Normal Goal,
1208144,41,32887,66,,subst,18873,Substitution 1,
1208144,41,19733,66,,subst,19825,Substitution 2,
1208144,41,137302,68,,Var,,Goal cancelled,
1208144,51,138815,72,,subst,18963,Substitution 1,
1208144,51,10329,72,,subst,301771,Substitution 2,
1208144,51,19030,72,,subst,92993,Substitution 3,
1208144,51,1469,79,,subst,129643,Substitution 4,
1208144,51,90590,88,,subst,383685,Substitution 5,
1208144,41,137302,88,,subst,199837,Substitution 3,
1208144,41,19484,90,2,subst,19485,Substitution 4,
1208144,41,304317,90,12,Card,,Yellow Card,Foul
1208144,51,92993,90,8,Card,,Yellow Card,Foul
1208143,46,311334,21,,Goal,18788,Normal Goal,
1208143,55,20649,25,,Goal,178077,Normal Goal,
1208143,55,178077,29,,Goal,,Normal Goal,
1208143,46,30427,35,,subst,18943,Substitution 1,
1208143,55,47438,42,,subst,25073,Substitution 1,
1208143,55,178077,45,8,Goal,15908,Normal Goal,
1208143,55,178077,59,,Goal,19495,Normal Goal,
1208143,55,106725,63,,Card,,Yellow Card,Foul
1208143,46,311334,64,,subst,879,Substitution 2,
1208143,46,22233,64,,subst,180,Substitution 3,
1208143,46,18788,64,,subst,1098,Substitution 4,
1208143,55,30407,70,,subst,263538,Substitution 2,
1208143,55,178077,70,,subst,196156,Substitution 3,
1208143,55,15908,70,,subst,153066,Substitution 4,
1208143,46,3428,80,,subst,19004,Substitution 5,
1208143,46,19760,82,,Card,,Yellow Card,Foul
1208143,55,36922,83,,subst,15745,Substitution 5,
1208146,34,2864,22,,subst,18778,Substitution 1,
1208146,34,67971,53,,Goal,,Own Goal,
1208146,34,138787,54,,Card,,Yellow Card,
1208146,52,2490,59,,Card,,Yellow Card,Argument
1208146,34,1463,64,,Card,,Yellow Card,Foul
1208146,52,19586,65,,subst,286458,Substitution 1,
1208146,34,138787,75,,subst,2939,Substitution 2,
1208146,34,1463,75,,subst,18901,Substitution 3,
1208146,52,18806,77,,subst,1468,Substitution 2,
1208146,52,19720,84,,subst,18843,Substitution 3,
1208146,52,67971,88,,Card,,Yellow Card,Argument
1208146,52,182201,88,,Card,,Yellow Card,Foul
1208146,34,2939,89,,Card,,Yellow Card,Time wasting
1208146,52,13736,90,4,Goal,67971,Normal Goal,
1208149,57,19182,5,,Card,,Yellow Card,Foul
1208149,57,17597,30,,Card,,Yellow Card,Foul
1208149,65,18746,43,,Card,,Yellow Card,Foul
1208149,65,18931,49,,Goal,,Penalty,
1208149,57,15797,51,,Card,,Yellow Card,Foul
1208149,57,17579,64,,subst,19136,Substitution 1,
1208149,65,138908,71,,subst,6056,Substitution 1,
1208149,57,15797,74,,subst,18397,Substitution 2,
1208149,57,20007,74,,subst,20089,Substitution 3,
1208149,65,138780,77,,subst,47547,Substitution 2,
1208149,65,18746,78,,subst,67943,Substitution 3,
1208149,65,141901,78,,subst,153430,Substitution 4,
1208149,57,19182,79,,subst,138836,Substitution 4,
1208149,57,284428,79,,subst,126791,Substitution 5,
1208149,65,2298,88,,subst,196298,Substitution 5,
1208152,39,130,2,,Card,,Yellow Card,Argument
1208152,35,792,3,,Goal,,Penalty,
1208152,39,2032,5,,Goal,20665,Normal Goal,
1208152,35,206254,8,,Goal,19245,Normal Goal,
1208152,35,152856,16,,Var,,Penalty confirmed,
1208152,35,792,18,,Goal,,Penalty,
1208152,35,161671,45,,Card,,Yellow Card,Foul
1208152,39,282770,46,,subst,19147,Substitution 1,
1208152,39,19147,53,,Card,,Yellow Card,Foul
1208152,39,20665,64,,subst,282126,Substitution 2,
1208152,39,41606,64,,subst,925,Substitution 3,
1208152,35,18870,64,,subst,284797,Substitution 1,
1208152,39,2032,69,,Goal,925,Normal Goal,
1208152,39,1590,73,,Card,,Yellow Card,Foul
1208152,35,792,74,,Goal,,Penalty,
1208152,39,18947,76,,Card,,Yellow Card,Foul
1208152,35,152856,77,,subst,47499,Substitution 2,
1208152,35,792,77,,subst,2734,Substitution 3,
1208152,35,6610,82,,subst,361497,Substitution 4,
1208152,39,265784,82,,subst,24888,Substitution 4,
1208152,39,2032,90,4,Card,,Yellow Card,Argument
1208151,42,22224,10,,Goal,1460,Normal Goal,
1208151,42,1946,27,,Goal,1460,Normal Goal,
1208151,42,37127,34,,Goal,,Penalty,
1208151,42,978,36,,Goal,1946,Normal Goal,
1208151,48,18846,38,,Goal,930,Normal Goal,
1208151,48,2284,40,,Goal,,Normal Goal,
1208151,48,2284,42,,Card,,Yellow Card,Argument
1208151,42,1460,42,,Card,,Yellow Card,Argument
1208151,48,2997,45,3,Card,,Yellow Card,Foul
1208151,42,1460,45,5,Goal,,Penalty,
1208151,48,37724,45,1,Card,,Yellow Card,Foul
1208151,42,22224,46,,subst,61431,Substitution 1,
1208151,48,37724,46,,subst,2869,Substitution 1,
1208151,42,157052,56,,subst,641,Substitution 2,
1208151,48,2284,65,,subst,1231,Substitution 2,
1208151,48,18819,65,,subst,18955,Substitution 3,
1208151,42,37127,74,,subst,643,Substitution 3,
1208151,42,1460,74,,subst,645,Substitution 4,
1208151,48,1646,77,,subst,2476,Substitution 4,
1208151,48,930,78,,subst,68466,Substitution 5,
1208151,42,1946,85,,subst,313236,Substitution 5,
1208151,48,1243,90,4,Card,,Yellow Card,Foul
1208145,49,283058,7,,Goal,,Normal Goal,
1208145,49,5996,36,,Goal,152982,Normal Goal,
1208145,66,19599,46,,subst,766,Substitution 1,
1208145,66,138931,54,,Card,,Yellow Card,Simulation
1208145,49,22094,60,,subst,95,Substitution 1,
1208145,66,19298,61,,Card,,Yellow Card,Foul
1208145,66,1904,62,,subst,2287,Substitution 2,
1208145,66,19170,66,,subst,13489,Substitution 3,
1208145,66,138931,66,,subst,983,Substitution 4,
1208145,49,18,71,,subst,136723,Substitution 2,
1208145,49,283058,71,,subst,269,Substitution 3,
1208145,49,152982,83,,Goal,136723,Normal Goal,
1208145,66,19366,84,,subst,19071,Substitution 5,
1208145,49,136723,85,,Card,,Yellow Card,Simulation
1208145,49,152982,86,,subst,583,Substitution 4,
1208145,49,282125,86,,subst,161907,Substitution 5,
1208145,49,583,89,,Card,,Yellow Card,Foul
1208148,33,909,34,,Goal,1485,Normal Goal,
1208148,45,2165,39,,Card,,Yellow Card,Foul
1208148,33,70100,41,,Goal,1485,Normal Goal,
1208148,33,909,46,,Goal,157997,Normal Goal,
1208148,33,284322,49,,Card,,Yellow Card,Foul
1208148,33,2467,51,,Card,,Yellow Card,Foul
1208148,33,545,56,,subst,891,Substitution 1,
1208148,33,532,56,,subst,2935,Substitution 2,
1208148,45,2990,57,,Card,,Yellow Card,Foul
1208148,33,70100,64,,Goal,157997,Normal Goal,
1208148,45,15884,66,,subst,19128,Substitution 1,
1208148,45,2990,66,,subst,24882,Substitution 2,
1208148,33,1485,66,,subst,51494,Substitution 3,
1208148,33,747,66,,subst,284324,Substitution 4,
1208148,45,125743,67,,subst,18766,Substitution 3,
1208148,45,894,68,,Card,,Yellow Card,Foul
1208148,45,894,73,,subst,138417,Substitution 4,
1208148,33,284322,80,,subst,19220,Substitution 5,
1208148,45,2936,82,,subst,270139,Substitution 5,
1208150,47,129711,54,,Goal,1166,Normal Goal,
1208150,36,2823,57,,Card,,Yellow Card,Foul
1208150,36,727,62,,subst,19221,Substitution 1,
1208150,36,2823,62,,subst,19025,Substitution 2,
1208150,36,19025,67,,Goal,1455,Normal Goal,
1208150,47,1166,68,,subst,30435,Substitution 1,
1208150,36,2887,78,,subst,195106,Substitution 3,
1208150,36,19025,82,,Var,,Card upgrade,
1208150,36,19025,83,,Card,,Red Card,Foul
1208150,47,18784,84,,subst,347316,Substitution 2,
1208150,47,237129,85,,subst,328089,Substitution 3,
1208150,36,1455,86,,subst,19032,Substitution 4,
1208150,36,1161,86,,subst,2920,Substitution 5,
1208150,47,328089,90,5,subst,393195,Substitution 4,
1208147,40,247,12,,Goal,306,Normal Goal,
1208147,50,41621,24,,Card,,Yellow Card,Foul
1208147,50,631,32,,Card,,Yellow Card,Foul
1208147,40,542,36,,Card,,Yellow Card,Foul
1208147,50,5,45,1,Card,,Yellow Card,Foul
1208147,50,41621,57,,subst,1422,Substitution 1,
1208147,50,633,58,,subst,266657,Substitution 2,
1208147,40,247,73,,subst,51617,Substitution 1,
1208147,40,283,73,,subst,158698,Substitution 2,
1208147,50,631,78,,subst,629,Substitution 3,
1208147,50,284230,78,,subst,19187,Substitution 4,
1208147,40,306,78,,Goal,,Penalty,
1208147,40,306,84,,subst,293,Substitution 3,
1208147,40,2489,90,1,subst,19035,Substitution 4,
1208158,57,17597,22,,Card,,Yellow Card,Foul
1208158,52,3339,23,,Card,,Yellow Card,Foul
1208158,52,3339,46,,subst,2490,Substitution 1,
1208158,52,18806,58,,Card,,Yellow Card,Foul
1208158,52,25927,59,,Goal,19586,Normal Goal,
1208158,57,15797,66,,subst,18397,Substitution 1,
1208158,57,19136,66,,subst,126791,Substitution 2,
1208158,57,20089,66,,subst,20007,Substitution 3,
1208158,52,19586,76,,subst,286458,Substitution 2,
1208158,57,127579,78,,Card,,Yellow Card,Foul
1208158,57,161948,79,,subst,299813,Substitution 4,
1208158,52,19720,81,,subst,126949,Substitution 3,
1208158,52,25927,90,3,Card,,Yellow Card,Time wasting
1208158,52,2218,90,,Card,,Yellow Card,Foul
1208158,52,2218,90,,subst,1468,Substitution 4,
1208159,46,18788,2,,Goal,340573,Normal Goal,
1208159,46,18788,4,,Var,,Goal confirmed,
1208159,46,22233,22,,Card,,Yellow Card,Foul
1208159,46,18788,37,,Card,,Yellow Card,Foul
1208159,48,1231,45,2,Card,,Yellow Card,Foul
1208159,48,18955,46,,subst,37724,Substitution 1,
1208159,46,18943,60,,subst,8694,Substitution 1,
1208159,46,18788,60,,subst,1098,Substitution 2,
1208159,46,340573,61,,Goal,283290,Normal Goal,
1208159,48,1231,62,,subst,2284,Substitution 2,
1208159,48,1243,62,,subst,18819,Substitution 3,
1208159,48,930,62,,subst,1646,Substitution 4,
1208159,46,340573,74,,subst,19004,Substitution 3,
1208159,46,283290,74,,subst,879,Substitution 4,
1208159,48,2869,76,,Card,,Yellow Card,Foul
1208159,48,15911,79,,subst,25391,Substitution 5,
1208159,46,19004,84,,Var,,Goal cancelled,
1208159,48,25391,90,3,Goal,37724,Normal Goal,
1208159,46,1098,90,,Goal,158710,Normal Goal,
1208159,46,311334,90,1,subst,3428,Substitution 5,
1208156,45,894,10,,Goal,,Normal Goal,
1208156,45,2936,19,,Var,,Goal cancelled,
1208156,45,24882,33,,Goal,,Normal Goal,
1208156,45,24882,35,,Card,,Yellow Card,Foul
1208156,45,19147,49,,Goal,,Own Goal,
1208156,39,925,57,,subst,24888,Substitution 1,
1208156,45,19147,72,,Goal,,Own Goal,
1208156,45,18929,74,,subst,19128,Substitution 1,
1208156,39,135334,77,,subst,41606,Substitution 2,
1208156,39,18742,77,,subst,282770,Substitution 3,
1208156,45,18805,83,,subst,15884,Substitution 2,
1208156,45,18766,83,,subst,138822,Substitution 3,
1208156,39,195103,84,,subst,144732,Substitution 4,
1208156,45,24882,89,,subst,405360,Substitution 4,
1208156,45,405360,90,1,Card,,Yellow Card,Foul
1208160,50,636,8,,Goal,629,Normal Goal,
1208160,50,629,31,,Goal,1422,Normal Goal,
1208160,65,6056,45,1,Card,,Yellow Card,Foul
1208160,50,5,46,,subst,627,Substitution 1,
1208160,65,19305,46,,subst,67943,Substitution 1,
1208160,65,18746,51,,Card,,Yellow Card,Argument
1208160,50,633,52,,Card,,Yellow Card,Foul
1208160,65,363695,54,,Card,,Yellow Card,Foul
1208160,50,1422,57,,Goal,1100,Normal Goal,
1208160,65,18931,62,,subst,8598,Substitution 2,
1208160,65,2771,63,,subst,380492,Substitution 3,
1208160,65,18746,63,,subst,138908,Substitution 4,
1208160,50,636,69,,Card,,Yellow Card,Foul
1208160,65,141901,72,,subst,196298,Substitution 5,
1208160,50,629,74,,subst,284230,Substitution 2,
1208160,65,2817,76,,Card,,Yellow Card,Foul
1208160,50,19187,90,,subst,41621,Substitution 3,
1208160,50,18861,90,,subst,158697,Substitution 4,
1208160,50,1422,90,,subst,266657,Substitution 5,
1208161,40,6716,20,,Card,,Yellow Card,Persistent fouling
1208161,34,2864,35,,Goal,10135,Normal Goal,
1208161,40,158698,42,,Card,,Yellow Card,Foul
1208161,40,542,45,,Card,,Yellow Card,Foul
1208161,40,293,50,,Goal,306,Normal Goal,
1208161,34,31146,58,,Card,,Yellow Card,Foul
1208161,34,138787,62,,Goal,2864,Normal Goal,
1208161,40,284,67,,subst,283,Substitution 1,
1208161,40,542,67,,subst,1096,Substitution 2,
1208161,40,247,67,,subst,2489,Substitution 3,
1208161,40,306,68,,Goal,283,Normal Goal,
1208161,40,283,69,,Card,,Yellow Card,Foul
1208161,40,51617,71,,Card,,Yellow Card,Argument
1208161,34,19163,74,,subst,18778,Substitution 1,
1208161,40,306,83,,Goal,283,Normal Goal,
1208161,34,31146,87,,subst,18901,Substitution 2,
1208161,34,138787,87,,subst,2939,Substitution 3,
1208161,34,723,88,,subst,1463,Substitution 4,
1208161,34,18911,90,6,Card,,Yellow Card,Argument
1208161,34,2806,90,,Goal,10135,Normal Goal,
1208162,49,21998,7,,Goal,5996,Normal Goal,
1208162,41,19825,11,,Goal,171,Normal Goal,
1208162,49,269,17,,Goal,136723,Normal Goal,
1208162,49,136723,34,,Goal,583,Normal Goal,
1208162,41,18940,38,,Var,,Card upgrade,
1208162,41,18940,39,,Card,,Red Card,Violent conduct
1208162,41,19484,47,,Card,,Yellow Card,Foul
1208162,41,19484,62,,subst,19485,Substitution 1,
1208162,41,18873,62,,subst,199837,Substitution 2,
1208162,49,136723,72,,subst,18,Substitution 1,
1208162,41,137302,72,,subst,32887,Substitution 3,
1208162,49,152982,76,,Goal,269,Normal Goal,
1208162,41,19719,78,,subst,159420,Substitution 4,
1208162,49,47380,79,,subst,336671,Substitution 2,
1208162,49,152982,79,,subst,148099,Substitution 3,
1208162,41,336585,79,,subst,18918,Substitution 5,
1208162,49,18,87,,Goal,161907,Normal Goal,
1208154,33,37145,44,,Card,,Yellow Card,Time wasting
1208154,33,51494,45,,Card,,Yellow Card,Argument
1208154,33,37145,46,,subst,157997,Substitution 1,
1208154,33,2935,51,,Card,,Yellow Card,Time wasting
1208154,42,38746,54,,Goal,2937,Normal Goal,
1208154,33,284324,59,,subst,70100,Substitution 2,
1208154,33,19220,59,,subst,909,Substitution 3,
1208154,33,2935,59,,subst,342970,Substitution 4,
1208154,42,641,66,,Card,,Yellow Card,Foul
1208154,42,641,71,,subst,47311,Substitution 1,
1208154,42,127769,71,,subst,1946,Substitution 2,
1208154,42,22090,73,,Goal,49,Normal Goal,
1208154,33,288006,79,,subst,9971,Substitution 5,
1208154,42,37127,90,,subst,2289,Substitution 3,
1208155,66,19170,21,,Goal,19366,Normal Goal,
1208155,55,19789,25,,Card,,Yellow Card,Foul
1208155,66,19366,28,,Goal,,Penalty,
1208155,66,19298,34,,Goal,,Normal Goal,
1208155,55,19495,49,,Card,,Yellow Card,Foul
1208155,55,15908,54,,Goal,,Normal Goal,
1208155,55,263538,64,,subst,162075,Substitution 1,
1208155,66,13489,65,,Card,,Yellow Card,Foul
1208155,66,983,65,,subst,138931,Substitution 1,
1208155,66,19366,65,,subst,13489,Substitution 2,
1208155,55,178077,70,,subst,153066,Substitution 2,
1208155,66,1904,70,,subst,2287,Substitution 3,
1208155,55,20649,71,,subst,196156,Substitution 3,
1208155,55,106725,80,,subst,15745,Substitution 4,
1208155,66,19298,82,,Card,,Yellow Card,Foul
1208155,66,19170,87,,subst,19071,Substitution 4,
1208155,66,19191,88,,subst,138816,Substitution 5,
1208157,36,1455,4,,Goal,,Normal Goal,
1208157,36,1934,32,,Card,,Yellow Card,Foul
1208157,51,356041,56,,Goal,10329,Normal Goal,
1208157,51,38695,63,,Card,,Yellow Card,Foul
1208157,36,1161,71,,subst,899,Substitution 1,
1208157,36,727,71,,subst,18753,Substitution 2,
1208157,51,38695,72,,subst,138815,Substitution 1,
1208157,51,18963,79,,Card,,Yellow Card,Argument
1208157,36,19030,79,,Goal,,Own Goal,
1208157,36,195106,80,,subst,2887,Substitution 3,
1208157,51,301771,80,,subst,383685,Substitution 2,
1208157,51,10329,80,,subst,129643,Substitution 3,
1208157,36,19221,80,,subst,389315,Substitution 4,
1208157,51,19030,81,,subst,90590,Substitution 4,
1208157,51,92993,86,,subst,328225,Substitution 5,
1208157,36,1455,87,,Goal,19549,Normal Goal,
1208157,36,1934,90,1,subst,131,Substitution 5,
1208157,36,899,90,3,Card,,Yellow Card,Foul
1208153,47,164,4,,Card,,Yellow Card,Foul
1208153,35,361497,17,,Goal,19245,Normal Goal,
1208153,47,18968,21,,Card,,Yellow Card,Foul
1208153,47,237129,57,,subst,186,Substitution 1,
1208153,35,2273,62,,Card,,Yellow Card,Time wasting
1208153,47,164,62,,subst,47519,Substitution 2,
1208153,35,792,64,,subst,284797,Substitution 1,
1208153,35,1150,68,,Card,,Yellow Card,Time wasting
1208153,35,152856,72,,Var,,Goal cancelled,
1208153,35,1125,77,,subst,18872,Substitution 2,
1208153,47,18968,80,,subst,347316,Substitution 3,
1208153,47,18784,80,,subst,1166,Substitution 4,
1208153,35,19245,85,,subst,2734,Substitution 3,
1208153,35,19281,85,,subst,18870,Substitution 4,
1208153,35,152856,85,,subst,47499,Substitution 5,
1208163,66,13489,24,,Goal,,Normal Goal,
1208163,41,19719,46,,subst,19825,Substitution 1,
1208163,66,13489,58,,subst,19366,Substitution 1,
1208163,66,138816,59,,subst,2724,Substitution 2,
1208163,66,2926,59,,subst,2287,Substitution 3,
1208163,66,983,59,,subst,138931,Substitution 4,
1208163,41,19733,69,,Card,,Yellow Card,Foul
1208163,41,137302,73,,subst,334035,Substitution 2,
1208163,41,19248,78,,Card,,Yellow Card,Foul
1208163,41,19733,79,,subst,19485,Substitution 3,
1208163,41,334035,85,,Card,,Yellow Card,Foul
1208163,66,19170,90,6,Card,,Yellow Card,Foul
1208163,41,19587,90,2,subst,199837,Substitution 4,
1208164,55,20589,8,,Goal,30407,Normal Goal,
1208164,34,2864,11,,Goal,19163,Normal Goal,
1208164,55,20649,28,,Goal,,Normal Goal,
1208164,34,18778,32,,Goal,19163,Normal Goal,
1208164,55,106725,45,3,Card,,Yellow Card,Foul
1208164,55,19495,56,,Goal,26232,Normal Goal,
1208164,34,723,60,,subst,31146,Substitution 1,
1208164,34,19163,60,,subst,138787,Substitution 2,
1208164,55,36922,67,,Card,,Yellow Card,Foul
1208164,34,18901,73,,subst,2939,Substitution 3,
1208164,34,18778,73,,subst,2507,Substitution 4,
1208164,55,196156,73,,subst,178077,Substitution 1,
1208164,55,153066,73,,subst,15908,Substitution 2,
1208164,34,284492,83,,subst,169,Substitution 5,
1208164,55,20649,87,,subst,18917,Substitution 3,
1208164,55,26232,88,,Card,,Yellow Card,Time wasting
1208164,55,263538,90,5,subst,162075,Substitution 4,
1208164,55,178077,90,,Goal,20589,Normal Goal,
1208165,52,13736,4,,Goal,18806,Normal Goal,
1208165,50,1100,30,,Goal,41621,Normal Goal,
1208165,52,20995,56,,Goal,18806,Normal Goal,
1208165,50,284230,68,,Goal,636,Normal Goal,
1208165,50,284230,70,,Card,,Yellow Card,Argument
1208165,52,19586,72,,subst,286458,Substitution 1,
1208165,52,2218,77,,subst,1468,Substitution 2,
1208165,50,266657,79,,subst,1422,Substitution 1,
1208165,50,284230,84,,Card,,Yellow Card,Foul
1208165,50,284230,84,,Card,,Red Card,Foul
1208165,50,629,86,,subst,19187,Substitution 2,
1208165,52,1468,90,3,Card,,Yellow Card,Foul
1208170,65,2817,2,,Goal,138908,Normal Goal,
1208170,33,288006,18,,Goal,,Normal Goal,
1208170,65,141901,31,,Card,,Yellow Card,Foul
1208170,65,18746,47,,Goal,2298,Normal Goal,
1208170,65,18931,54,,Goal,18746,Normal Goal,
1208170,33,284324,59,,subst,909,Substitution 1,
1208170,33,1485,61,,Goal,157997,Normal Goal,
1208170,33,532,65,,subst,2935,Substitution 2,
1208170,33,342970,66,,subst,545,Substitution 3,
1208170,65,141901,68,,subst,67943,Substitution 1,
1208170,33,51494,76,,subst,70100,Substitution 4,
1208170,33,1485,76,,subst,19220,Substitution 5,
1208170,65,18746,79,,subst,6056,Substitution 2,
1208170,65,18931,79,,subst,153430,Substitution 3,
1208170,65,138780,90,4,Card,,Yellow Card,Foul
1208170,65,2298,90,,subst,8598,Substitution 4,
1208167,36,2887,11,,Goal,657,Normal Goal,
1208167,36,2823,50,,Card,,Yellow Card,Foul
1208167,42,22090,52,,Goal,978,Normal Goal,
1208167,36,18753,60,,subst,19221,Substitution 1,
1208167,42,1946,60,,subst,127769,Substitution 1,
1208167,36,1161,60,,subst,899,Substitution 2,
1208167,36,152967,72,,Card,,Yellow Card,Foul
1208167,42,978,74,,subst,643,Substitution 2,
1208167,42,2289,74,,subst,47311,Substitution 3,
1208167,36,2887,79,,subst,195106,Substitution 3,
1208167,42,37127,79,,subst,313236,Substitution 4,
1208167,36,2887,79,,Card,,Yellow Card,Time wasting
1208167,42,127769,82,,Card,,Yellow Card,Argument
1208167,36,19549,85,,Card,,Yellow Card,Argument
1208167,42,1460,90,,Var,,Goal cancelled,
1208167,36,2823,90,1,subst,131,Substitution 4,
1208167,42,2937,90,7,Card,,Yellow Card,Foul
1208168,57,161948,12,,Card,,Yellow Card,Foul
1208168,57,17579,16,,Card,,Yellow Card,Foul
1208168,57,20007,21,,Goal,20457,Normal Goal,
1208168,35,792,63,,subst,284797,Substitution 1,
1208168,35,18869,63,,subst,47499,Substitution 2,
1208168,35,152856,74,,subst,2734,Substitution 3,
1208168,35,19245,74,,subst,18870,Substitution 4,
1208168,57,17579,80,,subst,19136,Substitution 1,
1208168,57,161948,81,,subst,299813,Substitution 2,
1208168,35,1125,86,,subst,20093,Substitution 5,
1208168,35,47499,87,,Goal,284797,Normal Goal,
1208168,35,18870,90,,Card,,Yellow Card,Foul
1208168,57,18397,90,1,subst,15797,Substitution 3,
1208168,57,284428,90,1,subst,20089,Substitution 4,
1208168,35,284797,90,5,Goal,,Normal Goal,
1208169,51,138815,37,,Goal,46731,Normal Goal,
1208169,51,356041,40,,Card,,Yellow Card,Argument
1208169,51,356041,46,,subst,92993,Substitution 1,
1208169,46,18786,52,,subst,180,Substitution 1,
1208169,46,283290,62,,subst,19004,Substitution 2,
1208169,46,3428,62,,subst,879,Substitution 3,
1208169,51,10329,70,,subst,383685,Substitution 2,
1208169,51,129643,70,,subst,1469,Substitution 3,
1208169,51,265820,71,,subst,19030,Substitution 4,
1208169,51,92993,74,,Card,,Yellow Card,Foul
1208169,51,383685,79,,Goal,92993,Normal Goal,
1208169,46,18943,81,,subst,8694,Substitution 4,
1208169,46,340573,81,,subst,1098,Substitution 5,
1208169,46,18788,86,,Goal,,Normal Goal,
1208169,46,22233,87,,Card,,Yellow Card,Foul
1208169,51,106835,89,,subst,7600,Substitution 5,
1208169,46,19004,90,1,Goal,18788,Normal Goal,
1208171,47,18883,5,,Goal,129711,Normal Goal,
1208171,47,30435,11,,Goal,47519,Normal Goal,
1208171,47,30776,15,,subst,162498,Substitution 1,
1208171,49,18,17,,Goal,47380,Normal Goal,
1208171,49,282125,21,,Card,,Yellow Card,Foul
1208171,47,237129,30,,Card,,Yellow Card,Foul
1208171,49,282125,46,,subst,161907,Substitution 1,
1208171,47,129711,53,,subst,1166,Substitution 2,
1208171,47,18968,59,,Card,,Yellow Card,Foul
1208171,49,152982,61,,Goal,,Penalty,
1208171,49,5996,73,,Goal,,Normal Goal,
1208171,49,283058,76,,subst,269,Substitution 2,
1208171,47,30435,79,,subst,18784,Substitution 3,
1208171,47,18968,79,,subst,347316,Substitution 4,
1208171,47,152849,79,,subst,328089,Substitution 5,
1208171,49,152982,84,,Goal,,Penalty,
1208171,49,1864,85,,Card,,Yellow Card,Foul
1208171,49,1864,86,,subst,136723,Substitution 3,
1208171,49,152982,90,1,subst,583,Substitution 4,
1208171,49,47380,90,,subst,336671,Substitution 5,
1208171,49,18959,90,8,Card,,Yellow Card,Time wasting
1208171,47,186,90,6,Goal,18784,Normal Goal,
1208172,48,2284,45,,Card,,Yellow Card,Foul
1208172,39,1165,45,1,Card,,Yellow Card,Foul
1208172,39,18742,49,,Card,,Yellow Card,Persistent fouling
1208172,48,930,50,,Card,,Yellow Card,Time wasting
1208172,48,1243,54,,Goal,19428,Normal Goal,
1208172,48,15911,62,,Var,,Goal cancelled,
1208172,39,265784,62,,subst,20665,Substitution 1,
1208172,39,2032,62,,subst,925,Substitution 2,
1208172,39,195103,63,,Card,,Yellow Card,Foul
1208172,48,930,64,,subst,1646,Substitution 1,
1208172,39,18742,69,,Goal,21138,Normal Goal,
1208172,48,19428,72,,Goal,15911,Normal Goal,
1208172,48,37724,73,,subst,18955,Substitution 2,
1208172,39,195103,78,,subst,144732,Substitution 3,
1208172,39,21138,86,,subst,282770,Substitution 4,
1208172,48,15911,87,,subst,2476,Substitution 3,
1208172,48,2869,88,,subst,138,Substitution 4,
1208172,48,2284,88,,subst,18813,Substitution 5,
1208172,48,19428,90,10,Card,,Yellow Card,Argument
1208172,39,18947,90,10,Card,,Yellow Card,Argument
1208172,48,2997,90,4,Card,,Yellow Card,Time wasting
1208172,48,2476,90,5,Card,,Yellow Card,Foul
1299044,168,47516,26,,Card,,Yellow Card,Foul
1299044,168,963,60,,Card,,Yellow Card,Time wasting
1299044,40,2489,61,,Goal,293,Normal Goal,
1299044,40,247,63,,Goal,306,Normal Goal,
1299044,40,247,65,,Var,,Goal confirmed,
1299044,40,293,73,,subst,1096,Substitution 1,
1299044,168,6002,73,,subst,25635,Substitution 1,
1299044,168,47516,73,,subst,24903,Substitution 2,
1299044,40,247,80,,subst,51617,Substitution 2,
1299044,40,1600,80,,subst,289,Substitution 3,
1299044,40,283,81,,subst,180317,Substitution 4,
1299044,168,39071,81,,subst,794,Substitution 3,
1299044,168,563,81,,subst,231029,Substitution 4,
1299044,40,2489,83,,Goal,306,Normal Goal,
1299044,40,1145,88,,subst,158698,Substitution 5,
1299044,40,2489,90,2,Goal,,Normal Goal,
1299045,50,631,4,,Goal,,Normal Goal,
1299045,228,18979,38,,Goal,419582,Normal Goal,
1299045,50,2291,45,,Card,,Yellow Card,Foul
1299045,228,51776,46,,Goal,18748,Normal Goal,
1299045,228,18979,49,,Goal,,Penalty,
1299045,228,18748,55,,Card,,Yellow Card,Foul
1299045,50,636,66,,Var,,Penalty confirmed,
1299045,228,51776,73,,Card,,Yellow Card,Foul
1299045,50,266657,73,,Card,,Yellow Card,Argument
1299045,228,41179,75,,subst,37148,Substitution 1,
1299045,228,32960,75,,subst,41892,Substitution 2,
1299045,228,51776,75,,subst,154839,Substitution 3,
1299045,50,266657,77,,subst,1422,Substitution 1,
1299045,50,636,77,,subst,633,Substitution 2,
1299045,50,41621,79,,Card,,Yellow Card,Foul
1299045,228,18979,80,,Goal,,Penalty,
1299045,50,2291,84,,subst,629,Substitution 3,
1299045,228,419582,85,,subst,262845,Substitution 4,
1299045,228,41112,88,,subst,419916,Substitution 5,
1299045,228,7712,88,,Card,,Yellow Card,Argument
1299047,569,15862,17,,Card,,Yellow Card,Foul
1299047,66,21090,25,,Card,,Yellow Card,Argument
1299047,66,19179,25,,Card,,Yellow Card,Foul
1299047,569,78,52,,Goal,,Penalty,
1299047,66,19191,58,,subst,13489,Substitution 1,
1299047,66,19170,66,,subst,19192,Substitution 2,
1299047,66,19179,66,,subst,46815,Substitution 3,
1299047,569,15916,72,,subst,336659,Substitution 1,
1299047,569,161800,75,,subst,314265,Substitution 2,
1299047,569,15862,76,,subst,39291,Substitution 3,
1299047,569,39291,78,,Card,,Yellow Card,Foul
1299047,66,19366,80,,subst,19071,Substitution 4,
1299047,66,21090,80,,subst,342320,Substitution 5,
1299047,66,19354,90,5,Card,,Yellow Card,Foul
1299047,66,1904,90,1,Card,,Yellow Card,Foul
1299047,569,122734,90,,subst,271276,Substitution 4,
1299052,505,217,15,,Card,,Yellow Card,Argument
1299052,42,22224,15,,Card,,Yellow Card,Argument
1299052,505,1640,45,3,Goal,,Penalty,
1299052,42,47311,46,,subst,643,Substitution 1,
1299052,505,217,62,,subst,21509,Substitution 1,
1299052,505,31173,62,,subst,30558,Substitution 2,
1299052,505,329,62,,subst,1457,Substitution 3,
1299052,505,30558,68,,Card,,Yellow Card,Time wasting
1299052,42,643,68,,Card,,Yellow Card,Argument
1299052,505,1640,71,,subst,275776,Substitution 4,
1299052,505,42315,79,,subst,31010,Substitution 5,
1299052,42,38746,82,,subst,641,Substitution 2,
1299052,42,1946,82,,subst,313236,Substitution 3,
1299052,42,978,90,3,subst,37127,Substitution 4,
1299196,33,157997,50,,Goal,1485,Normal Goal,
1299196,33,51494,55,,Card,,Yellow Card,Foul
1299196,619,8918,56,,Card,,Yellow Card,Foul
1299196,33,51494,65,,subst,174,Substitution 1,
1299196,33,284324,65,,subst,909,Substitution 2,
1299196,33,886,65,,subst,2467,Substitution 3,
1299196,619,1729,65,,subst,1635,Substitution 1,
1299196,619,8918,65,,subst,843,Substitution 2,
1299196,619,1604,75,,subst,30571,Substitution 3,
1299196,33,157997,77,,Goal,,Normal Goal,
1299196,33,157997,81,,subst,19220,Substitution 4,
1299196,619,684,84,,subst,163054,Substitution 4,
1299196,33,747,85,,Card,,Yellow Card,Handball
1299196,33,288006,90,,subst,70100,Substitution 5,
1299338,49,19145,12,,Goal,5996,Normal Goal,
1299338,49,392270,13,,Goal,,Normal Goal,
1299338,49,21998,18,,Goal,5996,Normal Goal,
1299338,49,583,21,,Goal,5996,Normal Goal,
1299338,49,63577,39,,Goal,269,Normal Goal,
1299338,49,583,41,,Goal,21998,Normal Goal,
1299338,49,5996,46,,subst,270507,Substitution 1,
1299338,49,392270,46,,subst,148099,Substitution 2,
1299338,3684,272457,46,,subst,37465,Substitution 1,
1299338,3684,24121,59,,Card,,Yellow Card,Foul
1299338,3684,41529,62,,subst,122688,Substitution 2,
1299338,3684,24121,62,,subst,22017,Substitution 3,
1299338,3684,15514,62,,subst,65360,Substitution 4,
1299338,49,334037,68,,subst,138935,Substitution 3,
1299338,49,269,69,,Goal,,Normal Goal,
1299338,49,148099,73,,Var,,Penalty confirmed,
1299338,3684,40250,75,,subst,69129,Substitution 5,
1299338,49,269,76,,Goal,,Penalty,
1299338,49,269,79,,subst,327733,Substitution 4,
1299338,3684,3466,90,4,Card,,Yellow Card,Foul
1299071,40,51617,13,,Card,,Yellow Card,Argument
1299071,541,341640,13,,Card,,Yellow Card,Argument
1299071,40,542,17,,Card,,Yellow Card,Argument
1299071,40,6716,40,,Card,,Yellow Card,Foul
1299071,40,6716,52,,Goal,180317,Normal Goal,
1299071,541,291964,56,,subst,757,Substitution 1,
1299071,541,2207,57,,subst,748,Substitution 2,
1299071,40,51617,68,,subst,247,Substitution 1,
1299071,541,653,69,,Card,,Yellow Card,Foul
1299071,541,653,71,,subst,736,Substitution 3,
1299071,40,247,76,,Goal,289,Normal Goal,
1299071,541,754,79,,subst,377122,Substitution 4,
1299071,541,748,80,,Card,,Yellow Card,Argument
1299071,40,293,83,,subst,1096,Substitution 2,
1299071,40,180317,87,,subst,284,Substitution 3,
1299071,541,377122,89,,Card,,Yellow Card,Persistent fouling
1208174,42,2937,62,,subst,2289,Substitution 1,
1208174,42,37127,62,,subst,313236,Substitution 2,
1208174,45,19128,66,,subst,15884,Substitution 1,
1208174,45,18766,66,,subst,138822,Substitution 2,
1208174,42,47311,69,,subst,643,Substitution 3,
1208174,42,313245,69,,subst,49,Substitution 4,
1208174,45,894,72,,Card,,Yellow Card,Foul
1208174,42,127769,74,,subst,1946,Substitution 5,
1208174,45,2932,77,,Card,,Yellow Card,Time wasting
1208174,45,138822,81,,Card,,Yellow Card,Time wasting
1208177,36,18814,2,,Card,,Yellow Card,Foul
1208177,40,2489,7,,Card,,Yellow Card,Foul
1208177,36,899,9,,Card,,Yellow Card,Foul
1208177,36,899,11,,Goal,19549,Normal Goal,
1208177,40,289,17,,Card,,Red Card,Professional foul last man
1208177,36,19549,27,,Card,,Yellow Card,Foul
1208177,40,247,47,,Goal,306,Normal Goal,
1208177,36,657,55,,subst,2920,Substitution 1,
1208177,40,293,57,,Card,,Yellow Card,Foul
1208177,36,2887,68,,subst,195106,Substitution 2,
1208177,36,899,69,,subst,1161,Substitution 3,
1208177,40,293,70,,subst,158698,Substitution 1,
1208177,40,247,70,,subst,51617,Substitution 2,
1208177,36,195106,76,,Goal,19549,Normal Goal,
1208177,40,1096,79,,subst,19035,Substitution 3,
1208177,40,283,79,,subst,2678,Substitution 4,
1208177,36,1934,83,,Card,,Yellow Card,Foul
1208177,40,2678,86,,Goal,51617,Normal Goal,
1208177,36,19221,87,,subst,18753,Substitution 4,
1208177,40,51617,88,,Card,,Yellow Card,Foul
1208179,46,180,20,,Card,,Yellow Card,Foul
1208179,34,19163,30,,Goal,138787,Normal Goal,
1208179,34,19163,35,,Card,,Yellow Card,Foul
1208179,34,10135,39,,Card,,Yellow Card,Foul
1208179,46,15870,46,,subst,18146,Substitution 1,
1208179,34,10135,47,,Goal,284492,Normal Goal,
1208179,34,2864,50,,Goal,,Normal Goal,
1208179,46,879,59,,subst,311334,Substitution 2,
1208179,46,18779,59,,subst,30427,Substitution 3,
1208179,46,18788,59,,subst,1098,Substitution 4,
1208179,34,19163,60,,Goal,2864,Normal Goal,
1208179,34,10135,64,,subst,18901,Substitution 1,
1208179,34,19163,64,,subst,18778,Substitution 2,
1208179,34,158694,64,,subst,169,Substitution 3,
1208179,34,723,71,,Card,,Yellow Card,Foul
1208179,34,2864,73,,subst,315237,Substitution 4,
1208179,34,138787,81,,subst,1463,Substitution 5,
1208179,46,340573,82,,subst,19004,Substitution 5,
1208179,46,18943,90,2,Card,,Yellow Card,Foul
1208179,46,30427,90,6,Card,,Yellow Card,Foul
1208182,57,18742,15,,Goal,,Own Goal,
1208182,39,21138,45,1,Card,,Yellow Card,Foul
1208182,39,265784,46,,subst,144732,Substitution 1,
1208182,57,138836,62,,Card,,Yellow Card,Foul
1208182,39,18742,64,,subst,925,Substitution 2,
1208182,39,20665,72,,subst,24888,Substitution 3,
1208182,39,1165,72,,Goal,925,Normal Goal,
1208182,57,20007,75,,subst,18397,Substitution 1,
1208182,57,15797,75,,subst,19136,Substitution 2,
1208182,57,161948,84,,subst,299813,Substitution 3,
1208182,57,20089,84,,subst,18823,Substitution 4,
1208182,57,18397,90,5,Card,,Yellow Card,
1208182,57,18397,90,4,Goal,19136,Normal Goal,
